{"cameraMode":{"drawMode":0,"name":"Shaded","section":"Shading Mode"},"sceneLighting":true,"audioPlay":false,"sceneViewState":{"m_AlwaysRefresh":false,"showFog":true,"showSkybox":true,"showFlares":true,"showImageEffects":true,"showParticleSystems":true,"showVisualEffectGraphs":true,"m_FxEnabled":true},"in2DMode":false,"pivot":{"x":405.9963684082031,"y":-167.20425415039063,"z":229.45823669433595},"rotation":{"x":0.009058107621967793,"y":-0.9893423914909363,"z":0.12713952362537385,"w":0.07046760618686676},"size":807.9342041015625,"orthographic":false}